query_id,query,product_id,relevance
q001,black on-ear headphones,B00KQFO12W,3
q001,black on-ear headphones,B07TVRZZWB,2
q001,black on-ear headphones,B00ZS8GWUG,2
q001,black on-ear headphones,B01F2O1ICM,1
q001,black on-ear headphones,B07GFGJPNQ,1
q001,black on-ear headphones,B01HTRCWX4,1
q001,black on-ear headphones,B01F2O1CFK,1
q001,black on-ear headphones,B07W4YYJ17,0
q001,black on-ear headphones,B01F2O1LLA,1
q001,black on-ear headphones,B075QJDMR5,1
q002,women's white sandals,B07HPXTS5T,3
q002,women's white sandals,B07Z597GF6,1
q002,women's white sandals,B0813JB6YP,1
q002,women's white sandals,B07Z58K2GT,1
q002,women's white sandals,B07YNTCWDT,1
q002,women's white sandals,B07JB1WJ64,1
q002,women's white sandals,B07Z59DLMZ,1
q002,women's white sandals,B07J9NF375,1
q002,women's white sandals,B07Y5S6B47,1
q002,women's white sandals,B07ZW5HL6F,1
q003,shower caddy,B07XYN2GGH,3
q003,shower caddy,B07PGMSWSX,3
q003,shower caddy,B08F3GJ1FZ,3
q003,shower caddy,B087V1FJ22,3
q003,shower caddy,B07YCYM349,0
q003,shower caddy,B073Q5DNR2,2
q003,shower caddy,B0846LSLCD,0
q003,shower caddy,B0846LCNRL,0
q003,shower caddy,B0846LTVYH,0
q003,shower caddy,B07PGMT512,2
q004,packing cubes for travel,B07D8TPM71,3
q004,packing cubes for travel,B07WNLT9GJ,3
q004,packing cubes for travel,B014VBICGC,3
q004,packing cubes for travel,B00SXKUIX8,3
q004,packing cubes for travel,B07HG7J8VP,0
q004,packing cubes for travel,B07HGD8MFB,0
q004,packing cubes for travel,B07ZVLVJGZ,1
q004,packing cubes for travel,B01EWFAXBY,3
q004,packing cubes for travel,B073PB1H88,0
q004,packing cubes for travel,B07CV9ZTW1,3