product_id,title
B00FRIJK60,"Ring Sterling-Silber 925 platiniert oder vergoldet Swarovski-Kristalle,weiß,Size 6"
B0758BL7K2,AmazonBasics Soccer Goal - 12' x 6'
B0856B8F8T,Amazon Brand - Solimo Designer Golden Sparkle UV Printed Soft Back Case Mobile Cover for Samsung Galaxy A8 Plus
B01MS83BH7,"RED WAGON Baskets Basses Fille, Rose (Salmon), 38 EU"
B07XYN2GGH,AmazonBasics Suction Shower Caddy
B07FQYSS5Z,"Amazon Essentials Women's Thong Sandal, White, 9 B US"
B014VBHPMY,"AmazonBasics 亚马逊倍思 4 件套旅行收纳盒套装 - 大号, 天蓝色), ZH1509004F1 AmazonBasics 4피스 포장 여행 오거나이저 큐브 세트 - L), ZH1509004F1 AmazonBasics juego de paquete de embalaje de cubo de 4 unidades, grande, Azul (Sky Blue)), ZH1509004F1 AmazonBasics 4 件式包裝旅行收納盒組 - L), ZH1509004F1 Conjunto organizador de viagem AmazonBasics 4 peças - Grande), ZH1509004F1 ערכת קוביות אריזה 4 חלקים של AmazonBasics - L), ZH1509004F1 مجموعة صناديق حفظ وتنظيم السفر 4 قطع من امازون بيسكس - كبير, ازرق سماوي), ZH1509004F1 AmazonBasics Aufbewahrungswürfel, groß, 4 Stück, himmelblau), ZH1509004F1 AmazonBasics 4 Piece Packing Travel Organizer Cubes Set - Large, Sky Blue"
B07TG4TSHY,Amazon Brand - Solimo Designer Pink 3D Printed Hard Back Case Mobile Cover for Samsung Galaxy J3 Pro
B00KQFO12W,AmazonBasics On-Ear koptelefoon AmazonBasics On-Ear pro sluchátka AmazonBasics on-Ear-kulaklık AmazonBasics słuchawki nauszne AmazonBasics On-Ear Headphones (supra-aural) - Black AmazonBasics On-Ear-Kopfhörer
B07CYWR46F,"AmazonBasics 56-175-016701-PL Patio Rectangular Dining Table Cover, 72"", Grey"
B07NRCSQXP,"365 EVERYDAY VALUE Peeled Tail Off Shrimp 51-60 Count, 32 OZ"
B082MV4Q6X,"find. Connie Leather Closed Toe Heels, Beige (Nude), 7 UK"
B088T956TY,"UMI. by Amazon - Set di 2 federe standard in rasatello di cotone 100%, 300 fili, colore: salvia, super morbide e confortevoli, qualità alberghiera, traspiranti, lavabili in lavatrice"
B07T7L8GSD,"Basic Care 儿童 Ibuprofen 咀嚼片, 1 베이직 케어 아동용 이부프로펜 츄어블 태블릿, 1 Basic Care - Tabletas masticables de ibuprofeno para niños, noche , 1 Basic Care 兒童 Ibuprofen 咀嚼片, 1 Comprimidos mastigáveis para crianças com ibuprofeno Basic Care, 1 טיפול בסיסי ילדי איבופרופן לעיסה טבליות, 1 أقراص ايبوبروفين القابلة للمضغ للأطفال للعناية الأساسية, 1 BASIC CARE Kinder Ibuprofen Kautabletten, 1 Amazon Basic Care Vapor Ice Nighttime Severe Cold & Flu, 12 Fl. Oz"
B07G4TDYJP,"Amazon Essentials Pine Women's Leather Moccasin Slipper, Black(Black), 5 UK(7 US)"
B07ML7NZRM,"Amazon Brand – Ravenna Home 雪佛龙图案台灯,含灯泡,15 英寸(约 38.1 厘米)高,炭灰色 아마존 브랜드 – 라벤나 홈 쉐브론 패턴 테이블 램프, 전구 포함, 높이 38.8cm, 차콜 그레이 Marca Amazon – Ravenna Home lámpara de mesa con diseño de Chevron, bombilla incluida, 15 pulgadas de alto, gris carbón Amazon 品牌 – Ravenna Home Chevron-圖案檯燈,隨附燈泡,約 35.48 公分,炭灰色 מותג אמזון – מנורת שולחן רבנה Home Chevron-מודגשת, נורה כלולה, 38.1 ס""מ גובה, אפור פחם Marca Amazon – Lâmpada de mesa com estampa de chevron Ravenna Home incluída, 38 cm A, cinza carvão مصباح طاولة منقوش عليه شارة متعرجة من العلامة التجارية Amazon - Ravenna Home، يتضمن مصباح، ارتفاع 38.1 سم، رمادي فحمي Amazon-Marke – Ravenna Home Tischlampe, Chevron-Muster, inklusive Leuchtmittel, 38,1 cm H, Anthrazit Amazon Brand – Ravenna Home Chevron-Patterned Table Lamp, Bulb Included, 15""H, Charcoal Gray"
B07PHPQTCJ,"AmazonBasics Door Latch, Polished Brass, 1-Pack"
B07T34B5SJ,"AmazonBasics Kookpannenset, 5-delig, aluminium, met antiaanbaklaag, voor inductiekookplaten, met afgietfunctie AmazonBasics – 5 parçalı tencere seti, alüminyum, yapışmaz, indüksiyon ocaklar için, süzme fonksiyonlu AmazonBasics – 5dílná sada nádobí, hliník, nepřilnavá, pro indukční sporáky, s funkcí odčerpávání AmazonBasics 5-częściowy zestaw naczyń do gotowania, aluminium, nieprzywierające, do kuchenek indukcyjnych, z funkcją ściekania AmazonBasics - 5 Piece Aluminium Non Stick Induction Cookware Set with Strainer Feature AmazonBasics – 5-teiliges Kochgeschirr-Set, Aluminium, nicht-haftend, für Induktionsherde, mit Abseih-Funktion"
B07WK5JWRV,"Eono by Amazon Silk Silver Filament 1.75 mm de filament pour imprimante 3D Bobine de 2,2 kg (1KG) Matériau d'impression 3D Silky Shine Brillant"
B07W91C3WK,"Amazon Brand - Happy Belly Chocolate Ice Cream, 48 Fl Oz (Frozen)"
B0812BTWMG,"find. Amz129 Polacchine, Verde (Green Jeans (Suede), 42 EU"
B06Y3K5PYH,"AmazonBasics E27 LED Lampe, 14W (ersetzt 100W), kaltweiß, 2er-Pack"
B07TVJ94G5,{parent::item_name.value}}  - ಹಸಿರು  - 11 uk {parent::item_name.value}}  - ఆకుపచ్చ  - 11 uk Amazon Brand – Symactive – പുരുഷന്മാരുടെ റണ്ണിംഗ് ഷൂസ് - പച്ച - 11 uk Amazon Brand - Symactive Men's Green Running Shoes-11 UK (45 EU) (12 US) (SYM-SS-038D) Amazon ब्रांड - Symactive पुरुषों के लिए रनिंग शूज़ - हरा - 11 UK {parent::item_name.value}}  - பச்சை  - 11 uk
B081RCG6ZJ,Umi. 3D Non Glue Static Adhesive Window Glass Art Film Anti UV Cling Privacy Sticker for House Decoration (Tulip) (44.5cmx200cm)
B0853XF67M,Amazon Brand - Solimo Designer Half Fill UV Printed Soft Back Case Mobile Cover for Gionee P7 Max
B01CFZHXT8,"platinum-plated 标准纯银名人 "" KIM "" 戒指制造施华洛世奇锆石点缀,  9, 透明, R3215101_120_090 Swarovski Anillo hecho con detalles de acentos de circonia &quot;Kim&quot;, de celebridad, chapado en plata, ba&ntilde;ado en platino, platino-bañado-plata,  9, Transparente, R3215101_120_090 Anel de prata esterlina platinum-plated Celebridade ""Kim"" Feito com zircônia Swarovski Detalhes,  9, R3215101_120_090 Platinierte Sterling Silber Celebrity ""Kim"" Ring gemacht mit SWAROVSKI Zirkonia Akzente,  9, farblos, R3215101_120_090 Platinum-Plated Sterling Silver Celebrity ""Kim"" Ring made with Swarovski Zirconia, Size 9"
B07VTNCW96,"Stone & Beam Modern Rustic Round Wood and Galvanized Metal Wall Shelf Decor, 24 Inch (Renewed)"
B003LSTD42,Amazonベーシック Apple iPod touch (第3世代用) シリコンケース ブラック
B07TH3LYY5,Amazon Brand - Solimo Designer Patterns 3D Printed Hard Back Case Mobile Cover for Micromax Canvas Selfie 2 Q340
B08315JTKF,"Eono Essentials Silicone Heat Resistant Mat for Hair Curling Iron, Portable Pouch for Flat Iron Hot Hair Tools"
B0711DPSXT,"AmazonBasics - Maleta de viaje rígida giratori - 55 cm, Tamaño de cabina, Azul marino AmazonBasics - Mala rígida giratória Abs"
B07K7NXVXR,"Amazon Brand - Alkove Hayes Solid Wood Double Bed Frame, 4 Mattress Levels, 140 x 190cm, Wild Oak"
B081HNQQNM,Amazon Brand - Solimo Designer Button Jeans Alphabet-K 3D Printed Hard Back Case Mobile Cover for Apple iPhone 11
B07PPXCSBN,"Amazon Essentials Belice Women's Ballet Flat, Hyperfast 2.0 El K-Bambini, 39-40 EU"
B07RLLDCNY,The Drop Patricia Enterizo ajustado de manga larga con escote profundo en V
B07XB7LG8R,"AmazonBasics iPhone XI R case TPU, crystal mobiele telefoon case, beschermende case, ultra dun, anti-kras"
B081MLRLTD,"Amazon Essentials - Conrad, Fashion-Sneakers Bambino"
B07SSJML8Y,"The Drop Jordan, mule a punta con tacco a blocco, Nero, 12 (US) 43 (EU)"
B07D1BR39X,"Amazon Meal Kits, Pan-Roasted Tilapia with Tomato, Capers & Olives, Serves 2"
B019F4N3QE,"Sterling Silver Two Tone Heart Pendant Necklace 18 inch Made with Swarovski Elements, Sterling Silver, blue Halskette mit Herz-Anhänger Sterling-Silber 925 Swarovski-Kristalle 46 cm"
B07XCTFKGP,Eono by Amazon – 20 x 35 cm bildram för 2 bilder av massivt trä med högupplöst glas för bildformat 10 x 15 cm och 13 x 18 cm med passepartout eller 20 x 35 cm vägghängande kollagenram svart
B07DHY2SXB,"Amazon Essentials Men's 2-Pack Knit Hat, Orange/Gray Heather, One Size"
B074H6K5CF,"WHOLE FOODS MARKET Plant Based Recovery Protein Vanilla, 33.3 OZ"
B08331KC7R,"Fresh Brand – Tropical Salsa, 17 oz"
B07HK5LPC1,"Rivet 中世纪有色玻璃灯罩吊灯带灯泡，152.4 厘米高 리벳 중부 센츄리 틴티드 글라스 쉐이드 펜던트 전구, 152.4cm 높이 Rivet - Lámpara colgante de cristal tintado con bombilla, 60 pulgadas de alto 鉚釘中世紀有色玻璃窗簾吊墜燈附燈泡，高 152.4 公分 Rebite Mid-Century – Pingente de vidro tingido com lâmpada, 152 cm de altura תליון גוון זכוכית צבוע אמצע המאה עם נורה, 152.4 ס""מ גובה مصباح متدلي مع لمبة من الزجاج المنقوش، 60 بوصة ارتفاع Rivet Mid-Century Lampenschirm aus getöntem Glas mit Leuchtmittel, 152,4 cm hoch Amazon Brand – Rivet Mid-Century Tinted Glass Shade Pendant Light with Bulb, 60""H"
B084LLHQGR,"find. Encontrar. Botas Chelsea Andy-1w4-001 para Mujer, Morado Ciruela Nubuk, Talla S"
B07CTLZVF4,FIND - Sunkissed radiance duo - scuro (Bronzer n.3 + Blush n.3)
B07J6R3G8G,"find. Suede Kitten Heel Zapatos de Talón Abierto, Negro Black, 40 EU"
B07HKF28CS,"Amazon Brand – 铆钉管状台灯,现代简约,带灯泡,26.38 英寸(约 67.9 厘米)高,绸缎黄铜 아마존 브랜드 – 리벳 튜브형 테이블 램프, 모던 미니멀, 전구 포함, 높이 66.38cm, 새틴 황동 Amazon Brand – Lámpara de mesa tubular remachada, moderna, mínima, con bombilla, 26.38 pulgadas de alto, latón satinado Amazon 亞馬遜品牌 – 鉚釘管狀檯燈,現代簡約,附燈泡,26.38 吋高,緞面黃銅 Marca Amazon – Lâmpada de mesa tubular rebite, minimalista moderna, com lâmpada, 66,04 cm A, latão acetinado מותג אמזון – מנורת שולחן צינורית מסמרת, מינימלית מודרנית, עם נורה, 26.38 אינץ', פליז סאטן Amazon Marke – Rivet Tubular Tischleuchte, modern, minimalistisch, mit Leuchtmittel, 66,38 cm H, Messing satiniert Amazon Brand – Rivet Tubular Table Lamp, Modern Minimal, with Bulb, 26.38""H, Satin Brass"
B084PK289C,Amazon Brand - Arthur Harvey Men's Brown Leather Formal Shoes-6 UK (40 EU) (7 US) (AZ-ST-50) Amazon ब्रांड - Arthur Harvey पुरुषों के लिए लेदर फॉर्मल शूज़ - भूरा - 6 UK
